file	sha256	bytes	software_version	status
.github/workflows/tests.yml	f6f2226b7a24796e54d318e94dfbbeb5a5ab312fea6d3f1ae1cefc17bc5e8149	1496	0.2.0.dev0	development_snapshot
.gitignore	fc24469eb54f3c41c75052fc5d7b4984b5175d6e97b378e62a8843c529af80b2	233	0.2.0.dev0	development_snapshot
CITATION.cff	5288c2c1bb6c5b56e2d1aaa1da91e5189b93d6e264cc0bd307d96fcb9e2ed507	313	0.2.0.dev0	development_snapshot
LICENSE	dae16d04577097caaaf071df23655d3739e7272addaf447dced68cba25652eda	1084	0.2.0.dev0	development_snapshot
README.md	1419a223fc90ab499174ebc6c3d891d68507d0a193590d0357ff72259c1f4278	3976	0.2.0.dev0	development_snapshot
RELEASE_NOTES.md	abffe0d8ef6d2c146d9492d98a3d5dcc5491be253af2f727cc875ba258053b25	1501	0.2.0.dev0	development_snapshot
docs/ms28_cli_tutorial.md	c2b6a6ff6fc50c82ac88ec03b35af67e4271b5cee8dea860d779e07d93f96281	20525	0.2.0.dev0	development_snapshot
docs/phasis_srna_da.md	62292639dde601792ffd9a3adbf722cae3d30610e68c00e1c21ceb4d0a9f7a0b	11837	0.2.0.dev0	development_snapshot
docs/phasis_srna_da_downloads.md	bbb2e5df1a0372a4056e9ca2b3e663011b30054f02b9e9466907c3b9dd0f140a	10088	0.2.0.dev0	development_snapshot
docs/phasis_srna_da_setup.md	c1beb36160fbcc6dc2d607e24a2862d4640ddda7e6c7fee3d3abf070ebe6752b	8544	0.2.0.dev0	development_snapshot
examples/hierarchy.example.tsv	95db3a56c22e5a518cf555c244af29c2c7a5eca0966a9b4b2d4af3a61cecf8c3	96	0.2.0.dev0	development_snapshot
examples/ms28_da_config.example.sh	eaa14892ab604cb4494ef372486a9ba7c65bcb675fe83d420c085a453f18d536	1739	0.2.0.dev0	development_snapshot
examples/srna_da_config.example.sh	1c79571105be9c9cba29112426979506e23b26aa4297c5fcb0dbe522cc3d6b3f	1223	0.2.0.dev0	development_snapshot
examples/targets.example.tsv	72190042fca7d36fb9da32306cebe52cb8cc5132685ca7607388415147aff17d	315	0.2.0.dev0	development_snapshot
pyproject.toml	3e92f92b93f30eb1bc917ff2c62eea7aad9833afba8c56f8c66a1dba1eef13ed	758	0.2.0.dev0	development_snapshot
src/phasis_srna_da/__init__.py	4de611300d59b02948a9e2d2146bee7fe0129f7a6801c9b9aa12c874a38a563a	109	0.2.0.dev0	development_snapshot
src/phasis_srna_da/__main__.py	03fc5acd479a7bafc2a602bfde590466191d815256263d5bc3bad4d4eb488172	124	0.2.0.dev0	development_snapshot
src/phasis_srna_da/catalog.py	4820f5b70d08b68356e99fe1055c642228e0f31aa9acfdeff99d63828aded5f3	16148	0.2.0.dev0	development_snapshot
src/phasis_srna_da/cli.py	b90d628e7a2f54ffdf34fe1ec63565336959069c80cb6359756b4c46a8922dd2	34306	0.2.0.dev0	development_snapshot
src/phasis_srna_da/counts.py	88f84de1b7a9d2ab44610d42de025239023fecc75bdf53f209e8d24ff8769cd9	20287	0.2.0.dev0	development_snapshot
src/phasis_srna_da/da.py	fec391ee1114960d83457e3e668ac4952041e00781362b0fd05bc6334662efb4	20479	0.2.0.dev0	development_snapshot
src/phasis_srna_da/errors.py	9e8565bdca888783a7bc642bab2765ea9bafe921debb6915fdd00a84c9a42679	284	0.2.0.dev0	development_snapshot
src/phasis_srna_da/io.py	c9f5cb06fcc6d40d98a219ce19ce71cee4d3612f464b4339e7b21717e04bec57	20733	0.2.0.dev0	development_snapshot
src/phasis_srna_da/mapping.py	30b3b87add356615acbe3bf3b7a79ba05d7459d8b8ac42ee470db582b14559b6	7278	0.2.0.dev0	development_snapshot
src/phasis_srna_da/models.py	02f34b08bb62842f4755066be1c2724553d7a97799be291570b804469b878eca	1788	0.2.0.dev0	development_snapshot
src/phasis_srna_da/provenance.py	9c99bdda0a2cc3fd929d6fe9ba27b5bb3bd917d9ec9c8122bf9c7c88cefd82dc	2785	0.2.0.dev0	development_snapshot
src/phasis_srna_da/resume_da.py	6b800d685b98dea60bded4e47207a39272d00776db67535d98dae081b6d4b014	9177	0.2.0.dev0	development_snapshot
tests/test_catalog.py	9b8b3dcd829eb2e26b5538f515792722e15fbf816be600fc92939792db2a302f	3115	0.2.0.dev0	development_snapshot
tests/test_cli.py	6cf1582dbad7f467e6b0d207ce5c1b8c86c07bd281082c61f84887b075c0b676	10548	0.2.0.dev0	development_snapshot
tests/test_counts.py	4ae5c103627cbe0be90c1272055cd19c6ea3cdf70e6b1e4272dfab606dd9a0fc	3144	0.2.0.dev0	development_snapshot
tests/test_da.py	ada2e18574c1644ee4f900a8bb9449455f1b42e029f2d4aed732177276e11762	4802	0.2.0.dev0	development_snapshot
tests/test_io.py	e26d2649d15a75b36b19b5002f8745d42b2d2a9d37fb87639707436ce7743870	6316	0.2.0.dev0	development_snapshot
tests/test_mapping.py	980e41e439ac9a7af2b9cba934f33fcf7932f638b58682d6598d4b3952c66da6	2241	0.2.0.dev0	development_snapshot
tests/test_resume_da.py	a0591acc9998e308ad50a4e32afe549b3d75d348baae62b1309db08c287518ca	7973	0.2.0.dev0	development_snapshot
